<?xml version="1.0"?>
<dock-layout><layout name="__default__"><dock name="__dock_1" floating="no" width="-1" height="-1" floatx="0" floaty="0"><paned orientation="horizontal" locked="no" position="340"><paned orientation="vertical" locked="no" position="421"><notebook orientation="vertical" locked="no" page="2"><item name="AnjutaFileManager" orientation="vertical" locked="no"/><item name="AnjutaDevhelpIndex" orientation="vertical" locked="no"/><item name="AnjutaProjectManager" orientation="vertical" locked="no"/></notebook><item name="AnjutaTerminal" orientation="vertical" locked="no"/></paned><paned orientation="vertical" locked="no" position="546"><notebook orientation="vertical" locked="no" page="0"><item name="AnjutaDocumentManager" orientation="vertical" locked="no"/><item name="AnjutaDevhelpDisplay" orientation="vertical" locked="no"/></notebook><item name="AnjutaMessageView" orientation="vertical" locked="no"/></paned></paned></dock></layout></dock-layout>
